{
  "name": "t:sections.footer.name",
  "type": "footer",
  "sections": {
    "footer": {
      "type": "footer",
      "blocks": {
        "footer-0": {
          "type": "link_list",
          "settings": {
            "heading": "Quick links",
            "menu": "footer"
          }
        },
        "footer-1": {
          "type": "link_list",
          "settings": {
            "heading": "Info",
            "menu": "footer"
          }
        },
        "footer-2": {
          "type": "text",
          "settings": {
            "heading": "Our mission",
            "subtext": "<p>Share contact information, store details, and brand content with your customers.<\/p>"
          }
        }
      },
      "block_order": [
        "footer-0",
        "footer-1",
        "footer-2"
      ],
      "settings": {
        "color_scheme": "background-1",
        "newsletter_enable": true,
        "newsletter_heading": "Subscribe to our emails",
        "show_social": true,
        "enable_country_selector": false,
        "enable_language_selector": false,
        "payment_enable": true,
        "show_policy": false,
        "margin_top": 48,
        "padding_top": 36,
        "padding_bottom": 36
      }
    }
  },
  "order": [
    "footer"
  ]
}
